{"stats":{"minecraft:dropped":{"minecraft:baked_potato":1},"minecraft:killed":{"minecraft:zombie":1},"minecraft:picked_up":{"minecraft:lantern":1,"minecraft:baked_potato":1},"minecraft:custom":{"minecraft:time_since_rest":52102,"minecraft:sprint_one_cm":49910,"minecraft:walk_one_cm":93964,"minecraft:mob_kills":1,"minecraft:drop":1,"minecraft:damage_dealt":196,"minecraft:fly_one_cm":262324,"minecraft:crouch_one_cm":10109,"minecraft:play_time":52102,"minecraft:sneak_time":3707,"minecraft:jump":234,"minecraft:leave_game":2,"minecraft:time_since_death":52102,"minecraft:total_world_time":106100,"minecraft:climb_one_cm":1884},"minecraft:used":{"minecraft:wheat_seeds":8,"minecraft:stone_brick_slab":21,"minecraft:water_bucket":1,"minecraft:iron_bars":6,"minecraft:iron_ore":6,"minecraft:spruce_door":4,"minecraft:dark_oak_log":9,"minecraft:flint_and_steel":2,"minecraft:lantern":15,"minecraft:spruce_slab":187,"minecraft:ladder":4,"minecraft:spruce_planks":404,"minecraft:netherite_hoe":16,"minecraft:chest":6,"minecraft:spruce_trapdoor":121,"minecraft:zombie_spawn_egg":1,"minecraft:spruce_fence_gate":2,"minecraft:stone_brick_stairs":51,"minecraft:barrel":5,"minecraft:stone_bricks":169,"minecraft:dirt":5,"minecraft:stripped_dark_oak_log":42,"minecraft:hay_block":11,"minecraft:crafting_table":2,"minecraft:furnace":1,"minecraft:spruce_stairs":5,"minecraft:blast_furnace":1,"minecraft:glass_pane":30,"minecraft:campfire":4,"minecraft:potato":8,"minecraft:spruce_fence":36,"minecraft:smoker":1,"minecraft:spruce_log":155,"minecraft:splash_potion":3,"minecraft:stripped_spruce_log":3,"minecraft:stripped_spruce_wood":4,"minecraft:brown_bed":1}},"DataVersion":3465}